station_id,Name,relSeaLevelRiseInit,relSeaLevelRiseTotal,initElv,meanSeaLevel,meanSeaLevelDatum,meanHighWaterDatum,meanHighHighWaterDatum,meanHighHighWaterSpringDatum,lunarNodalAmp,lunarNodalPhase,nFloods,captureRate
8418150,"Portland, ME",0.08713906660421841,62,93.23283436790187,-11.180410183875525,-10.554679791275476,115.0930272505746,139.9311475625434,171.44281707672783,4.268404475564676,1.044729050798164,705.98,2.8
8575512,"Annapolis, MD",0.22984511238797753,77,-0.387974674260561,-6.604112515826318,-1.9586712516533016,5.521639027005853,19.815788517910892,26.253991715028825,0,1.876952478415545,705.98,2.8
8665530,"Charleston, SC",0.3295751401801342,71,50.1954558538401,-6.923513552929139,-10.294821077697009,58.4404008317726,78.99965040756398,99.20602812496875,2.2428308250616698,1.4573789715719077,705.98,2.8
8729840,"Pensacola, FL",0.13956540149965246,61,24.010885037095733,8.865755208333333,9.503800870419548,27.72898718661979,NA,NA,-1.7945532697996542,1.490209964507786,352.99,5.6
8779770,"Port Isabel, TX",0.6376581769632639,80,14.937612211888823,0.431382580297221,-3.387806306432153,14.06854704085016,NA,NA,-2.38603483950479,1.3747446687283351,352.99,5.6
9414290,"San Francisco, CA",-0.1129520401878811,57.99999999999999,132.22177477947167,95.82347399691542,98.95111019664692,142.7517128230684,178.51532138089277,199.13186114207852,0,-0.3422945877469874,705.98,2.8
9447130,"Seattle, WA",0.03993988005546057,55.00000000000001,203.74123078894266,128.69722618448284,131.84254257522014,222.1482039524281,274.01404398852924,287.06000773855493,1.9910189927590825,1.2850377482619963,705.98,2.8
